ClaimID,FirstName,LastName,StreetAddress,City,State,Country,PostalCode,TelephoneNumber,TotalCost,DateOfSubmission
C-102,Jane,Smith,LBH Nagar,Los Angeles,California,USA,365412,9658742312,80,12/15/2022
C-103,James,Bond,ASN Colony,Boston,MA,USA,569854,9651236554,150,11/16/2022
C-104,Honey,Money-Penny,Varam Colony,London,Texas,UK,547854,9652145874,600,10/5/2022
C-105,Jason,Bourne,Benz Circle,Boston,MA,Canada,521369,9652145855,1000,11/22/2022
C-106,Maxwell,Smart,Nizampet,London,Baja California,UK,965214,7854265895,1000,11/22/2022,
C-107,Pink,Panther,Seddipet,Chicago,Illinois,USA,563214,8542658975,7000,9/13/2022
C-108,Sherlock,Holmes,Gajwel,Alberta,Edmonton,Canada,798546,9658752145,8000,11/25/2021
C-110,John,Smith,Street,New York,NY,USA,456445,9658745896,5000,1/2/2023
C-101,Jonh,Smith,Indra Nagar,New York,NY,USA,532145,9856214587,1000,9/12/2022
C-109,Pavan,Kalyan,Shiva Nagar,New York,NY,USA,854125,9658745896,20000,8/23/2022
