VINID,ClaimLineID,VehicleMake,VehicleModel,Year,LaborCode,PartCode,LaborCost,PartCost,Currency
1,C-110,TCC,Cyclone,2021,AM-101,PT-2001,120,100,USD
2,C-102,TCC,Cyclone,2020,ST-3,PT-80,654,600,USD
3,C-103,TCC,Tornado,2019,GT-100,PT-90,1200,700,GBP
4,C-104,TCC,El Nina,2021,AB-789,PT-890,1966,800,USD
5,C-105,TCC,Hurricane,2018,AB-125,PT-1001,1547,900,CAN
6,C-106,TCC,El Nino,2020,AB-189,PT-1001,345,1000,GBP
7,C-107,TCC,Tornado,2021,GT-3,PT-1,2145,1100,USD
8,C-108,TCC,Hurricane,2019,ST-1,PT-1,3254,1200,CAN
9,C-109,TCC,Torn,2021,AM-100,PT-11,120,100,USD
