ClaimID,FirstName,LastName,StreetAddress,City,State,Country,PostalCode,TelephoneNumber,TotalCost,DateOfSubmission,VINID,ClaimLineID,VehicleMake,VehicleModel,Year,LaborCode,PartCode,LaborCost,PartCost,Currency
C-8001,Jane,Smith,LBH Nagar,Los Angeles,California,USA,365412,9658742313,80,12/15/2022,100,C-8001,CCC,Cyclone,2021,AM-101,PT-2001,120,100,USD
C-8002,James,Bond,ASN Colony,Boston,MA,USA,569854,9658742314,150,11/16/2022,100,C-8002,CCC,Cyclone,2020,ST-3,PT-80,654,600,USD
C-8003,Honey,Money-Penny,Varam Colony,London,Texas,UK,547854,9658742315,600,10/5/2022,100,C-8003,CCC,Tornado,2019,GT-100,PT-90,1200,700,GBP
C-8004,Jason,Bourne,Benz Circle,Boston,MA,Canada,521369,9658742316,1000,11/22/2022,100,C-8004,CCC,El Nina,2021,AB-789,PT-890,1966,800,USD
C-8005,Maxwell,Smart,Nizampet,London,Baja California,UK,965214,9658742317,1000,11/22/2022,100,C-8005,CCC,Hurricane,2018,AB-125,PT-1001,1547,900,CAN
C-8006,Pink,Panther,Seddipet,Chicago,Illinois,USA,563214,9658742318,7000,9/13/2022,100,C-8006,CCC,El Nino,2020,AB-189,PT-1001,345,1000,GBP
C-8007,Sherlock,Holmes,Gajwel,Alberta,Edmonton,Canada,798546,9658742313,8000,11/25/2021,100,C-8007,CCC,Tornado,2021,GT-3,PT-1,2145,1100,USD
C-8008,John,Smith,Street,New York,NY,USA,456445,9658742319,5000,1/2/2023,100,C-8008,CCC,Hurricane,2019,ST-1,PT-1,3254,1200,CAN
C-8009,Jonh,Smith,Indra Nagar,New York,NY,USA,532145,9658742388,1000,9/12/2022,100,C-8009,CCC,Torn,2021,AM-100,PT-11,120,100,USD
C-8010,Pavan,Kalyan,Shiva Nagar,New York,NY,USA,854125,9658742399,20000,8/23/2022,100,C-8010,CCC,MENZ,2022,MA-200,PT-99,1000,1000,USD
